{"cameraMode":{"drawMode":0,"name":"Shaded","section":"Shading Mode"},"sceneLighting":true,"audioPlay":false,"sceneViewState":{"showFog":true,"showMaterialUpdate":false,"showSkybox":true,"showFlares":true,"showImageEffects":true,"showParticleSystems":true},"in2DMode":false,"pivot":{"x":2.098327875137329,"y":2.5467443466186525,"z":4.993846416473389},"rotation":{"x":0.024416688829660417,"y":-0.6217986345291138,"z":-0.019399788230657579,"w":-0.782580554485321},"size":9.196907997131348,"orthographic":false}